{
  "32": {
    "ribosome": {
      "loss": 6.297121686935425,
      "entropy": 3.416837396621704,
      "pvr": 3.0028190279006957,
      "sparsity": 0.01287774734199047,
      "n": 50
    },
    "uniform_co": {
      "loss": 7.638606615066529,
      "entropy": 3.456943702697754,
      "pvr": 1.0,
      "sparsity": 0.0,
      "n": 50
    },
    "random": {
      "loss": 7.7515476703643795,
      "entropy": 3.2679439973831177,
      "pvr": 181.83716214179992,
      "sparsity": 0.2999666076898575,
      "n": 50
    },
    "attention": {
      "loss": 10.476017150878906,
      "entropy": 1.948646514415741,
      "pvr": 94000005.44875045,
      "sparsity": 0.968451828956604,
      "n": 50
    },
    "uniform_own": {
      "loss": 6.601174907684326,
      "entropy": NaN,
      "pvr": NaN,
      "sparsity": NaN,
      "n": 50
    }
  },
  "64": {
    "ribosome": {
      "loss": 6.209714517593384,
      "entropy": 4.105983281135559,
      "pvr": 3.439083943367004,
      "sparsity": 0.01566581830382347,
      "n": 50
    },
    "uniform_co": {
      "loss": 7.647482109069824,
      "entropy": 4.148197932243347,
      "pvr": 1.0,
      "sparsity": 0.0,
      "n": 50
    },
    "random": {
      "loss": 7.66257004737854,
      "entropy": 3.9554349327087404,
      "pvr": 153.65594951629637,
      "sparsity": 0.30238977491855623,
      "n": 50
    },
    "attention": {
      "loss": 10.606875667572021,
      "entropy": 2.5230633640289306,
      "pvr": 92000014.23779541,
      "sparsity": 0.9841899335384369,
      "n": 50
    },
    "uniform_own": {
      "loss": 6.4568580150604244,
      "entropy": NaN,
      "pvr": NaN,
      "sparsity": NaN,
      "n": 50
    }
  },
  "128": {
    "ribosome": {
      "loss": 6.062469549179077,
      "entropy": 4.76990963935852,
      "pvr": 4.029007749557495,
      "sparsity": 0.024354631509631873,
      "n": 50
    },
    "uniform_co": {
      "loss": 7.57315089225769,
      "entropy": 4.816083192825317,
      "pvr": 1.0,
      "sparsity": 0.0,
      "n": 50
    },
    "random": {
      "loss": 7.586518249511719,
      "entropy": 4.627262210845947,
      "pvr": 740.7680401229859,
      "sparsity": 0.29521258860826494,
      "n": 50
    },
    "attention": {
      "loss": 10.696634922027588,
      "entropy": 3.072168817520142,
      "pvr": 80000055.45216522,
      "sparsity": 0.9918736398220063,
      "n": 50
    },
    "uniform_own": {
      "loss": 6.286304016113281,
      "entropy": NaN,
      "pvr": NaN,
      "sparsity": NaN,
      "n": 50
    }
  },
  "256": {
    "ribosome": {
      "loss": 5.5792120170593265,
      "entropy": 5.35800986289978,
      "pvr": 131.785242934227,
      "sparsity": 0.03478223166428506,
      "n": 50
    },
    "uniform_co": {
      "loss": 7.171979322433471,
      "entropy": 5.410982217788696,
      "pvr": 1.0,
      "sparsity": 0.0,
      "n": 50
    },
    "random": {
      "loss": 7.324102039337158,
      "entropy": 5.2155906772613525,
      "pvr": 1173.3339054870605,
      "sparsity": 0.30584785163402556,
      "n": 50
    },
    "attention": {
      "loss": 10.747259578704835,
      "entropy": 3.639016580581665,
      "pvr": 22000430.25595581,
      "sparsity": 0.9954974734783173,
      "n": 50
    },
    "uniform_own": {
      "loss": 5.80510627746582,
      "entropy": NaN,
      "pvr": NaN,
      "sparsity": NaN,
      "n": 50
    }
  },
  "512": {
    "ribosome": {
      "loss": 5.126418113708496,
      "entropy": 5.947758945258888,
      "pvr": 222.88636514302846,
      "sparsity": 0.04551567635624795,
      "n": 37
    },
    "uniform_co": {
      "loss": 6.747538205739614,
      "entropy": 6.005737330462481,
      "pvr": 1.0,
      "sparsity": 0.0,
      "n": 37
    },
    "random": {
      "loss": 7.023193346487509,
      "entropy": 5.809604979850151,
      "pvr": 2927.453046644056,
      "sparsity": 0.30335813076109497,
      "n": 37
    },
    "attention": {
      "loss": 10.785370182346654,
      "entropy": 4.047408902967298,
      "pvr": 2703655.925636085,
      "sparsity": 0.9975264442933572,
      "n": 37
    },
    "uniform_own": {
      "loss": 5.381770817009178,
      "entropy": NaN,
      "pvr": NaN,
      "sparsity": NaN,
      "n": 37
    }
  }
}