{
  "big": {
    "params": 63486976,
    "step": 90000,
    "val_ce": 6.968419766426086,
    "val_ppl": 1062.5423580735437
  },
  "tiny": {
    "params": 49080834,
    "step": 100000,
    "val_ce": 1.415142040948073,
    "val_ppl": 4.117071217141938,
    "importance_mean": 0.31616567000746726,
    "importance_std": 0.1453069519251585
  }
}