{
  "32": {
    "ribosome": {
      "loss": 6.238519773483277,
      "entropy": 3.422585515975952,
      "pvr": 2.8769633316993715,
      "sparsity": 0.008358516544103623,
      "n": 50
    },
    "uniform": {
      "loss": 6.957043733596802,
      "entropy": 3.456943702697754,
      "pvr": 1.0,
      "sparsity": 0.0,
      "n": 50
    },
    "random": {
      "loss": 7.635587368011475,
      "entropy": 3.2680729150772097,
      "pvr": 328.77765657424925,
      "sparsity": 0.29477548360824585,
      "n": 50
    },
    "attention": {
      "loss": 6.957043733596802,
      "entropy": 3.456943702697754,
      "pvr": 1.0,
      "sparsity": 0.0,
      "n": 50
    }
  },
  "64": {
    "ribosome": {
      "loss": 6.140196161270142,
      "entropy": 4.1117712593078615,
      "pvr": 3.342485337257385,
      "sparsity": 0.011915818303823471,
      "n": 50
    },
    "uniform": {
      "loss": 6.942192115783691,
      "entropy": 4.148197932243347,
      "pvr": 1.0,
      "sparsity": 0.0,
      "n": 50
    },
    "random": {
      "loss": 7.571883916854858,
      "entropy": 3.9511624336242677,
      "pvr": 204.11810558319092,
      "sparsity": 0.30589028596878054,
      "n": 50
    },
    "attention": {
      "loss": 6.942192115783691,
      "entropy": 4.148197932243347,
      "pvr": 1.0,
      "sparsity": 0.0,
      "n": 50
    }
  },
  "128": {
    "ribosome": {
      "loss": 5.971997594833374,
      "entropy": 4.7760436058044435,
      "pvr": 3.85741575717926,
      "sparsity": 0.01728341346606612,
      "n": 50
    },
    "uniform": {
      "loss": 6.826551685333252,
      "entropy": 4.816083192825317,
      "pvr": 1.0,
      "sparsity": 0.0,
      "n": 50
    },
    "random": {
      "loss": 7.48866569519043,
      "entropy": 4.626560897827148,
      "pvr": 293.7956424713135,
      "sparsity": 0.29088873744010924,
      "n": 50
    },
    "attention": {
      "loss": 6.826551685333252,
      "entropy": 4.816083192825317,
      "pvr": 1.0,
      "sparsity": 0.0,
      "n": 50
    }
  },
  "256": {
    "ribosome": {
      "loss": 5.477754654884339,
      "entropy": 5.363757562637329,
      "pvr": 22.605904593467713,
      "sparsity": 0.027819409528747202,
      "n": 50
    },
    "uniform": {
      "loss": 6.419448671340942,
      "entropy": 5.410982217788696,
      "pvr": 1.0,
      "sparsity": 0.0,
      "n": 50
    },
    "random": {
      "loss": 7.132275009155274,
      "entropy": 5.219978656768799,
      "pvr": 2873.990574798584,
      "sparsity": 0.30099562644958494,
      "n": 50
    },
    "attention": {
      "loss": 6.419448671340942,
      "entropy": 5.410982217788696,
      "pvr": 1.0,
      "sparsity": 0.0,
      "n": 50
    }
  },
  "512": {
    "ribosome": {
      "loss": 5.0472713418909025,
      "entropy": 5.953470500739845,
      "pvr": 40.5597345120198,
      "sparsity": 0.03693671123049146,
      "n": 37
    },
    "uniform": {
      "loss": 6.056568571039148,
      "entropy": 6.005737330462481,
      "pvr": 1.0,
      "sparsity": 0.0,
      "n": 37
    },
    "random": {
      "loss": 6.878281515997809,
      "entropy": 5.815034415270831,
      "pvr": 1332.8549573743664,
      "sparsity": 0.2963673710017591,
      "n": 37
    },
    "attention": {
      "loss": 6.056568571039148,
      "entropy": 6.005737330462481,
      "pvr": 1.0,
      "sparsity": 0.0,
      "n": 37
    }
  }
}